listing_id,title,category,starting_value,num_bids,final_price
1,"Fresh Red Chilli",Vegetables,1500.00,2,1664.49
2,"Basmati Rice",Grains,2200.00,3,2611.69
4,"Green Mangoes",Fruits,1800.00,5,2158.25
6,"Fresh Tomatoes",Vegetables,1000.00,5,1360.20
7,Carrots,Vegetables,900.00,5,1178.57
9,Onion,Vegetables,1100.00,4,1457.01
11,"Organic Brinjals",Vegetables,950.00,7,1429.96
12,"Sesame Seeds","Oil Seeds",2100.00,3,2384.32
14,"Chana Dal",Pulses,2000.00,5,2390.37
15,Guavas,Fruits,1400.00,4,1830.23
16,"Dry Coconut","Cash Crops",1750.00,3,1919.47
18,Lemons,Fruits,1000.00,6,1473.68
20,"Red Gram",Pulses,2250.00,6,2695.40
21,"Fresh Tomatoes - Lot 266",Vegetables,1597.09,3,2008.72
22,"Chana Dal - Lot 885",Pulses,1784.34,2,2141.91
23,"Paddy Rice - Lot 216",Grains,1069.11,4,1478.66
24,"Fresh Tomatoes - Lot 250",Vegetables,1358.39,1,1843.02
25,"Fresh Tomatoes - Lot 709",Vegetables,1940.62,5,2406.09
26,"Turmeric Root - Lot 851",Spices,1346.91,2,1846.04
27,"Sesame Seeds - Lot 81","Oil Seeds",1534.63,2,1951.61
28,"Turmeric Root - Lot 228",Spices,1002.88,6,1467.70
29,"Fresh Tomatoes - Lot 917",Vegetables,1877.78,4,2337.34
30,"Cotton - Lot 54","Cash Crops",1181.85,3,1495.57
31,"Chana Dal - Lot 52",Pulses,1017.56,2,1367.36
32,"Green Chillies - Lot 623",Vegetables,2719.74,2,2814.72
33,"Dry Coconut - Lot 724","Cash Crops",1710.78,5,2069.34
34,"Dry Coconut - Lot 655","Cash Crops",1005.47,0,NULL
35,"Sesame Seeds - Lot 9","Oil Seeds",2519.76,3,2819.85
36,"Sesame Seeds - Lot 992","Oil Seeds",2305.09,5,2576.49
37,"Fresh Tomatoes - Lot 70",Vegetables,1046.68,2,1389.00
38,"Cotton - Lot 697","Cash Crops",1311.45,3,1724.15
39,"Organic Onions - Lot 604",Vegetables,2325.01,2,2705.58
40,"Cotton - Lot 326","Cash Crops",1525.02,6,2007.21
41,"Green Chillies - Lot 204",Vegetables,2282.82,3,2745.97
42,"Green Chillies - Lot 713",Vegetables,1329.17,7,1807.29
43,"Paddy Rice - Lot 168",Grains,1846.24,2,2323.69
44,"Green Chillies - Lot 181",Vegetables,1951.36,8,2377.69
45,"Green Chillies - Lot 211",Vegetables,2235.76,4,2556.71
46,"Cotton - Lot 310","Cash Crops",1159.34,2,1199.96
47,"Paddy Rice - Lot 384",Grains,1817.72,9,2201.55
48,"Dry Coconut - Lot 333","Cash Crops",1286.66,2,1717.38
49,"Dry Coconut - Lot 262","Cash Crops",2525.85,2,2960.82
50,"Dry Coconut - Lot 527","Cash Crops",1155.53,2,1627.06
51,"Paddy Rice - Lot 465",Grains,2531.56,5,3003.06
52,"Paddy Rice - Lot 439",Grains,2227.83,4,2591.33
53,"Chana Dal - Lot 335",Pulses,1182.28,3,1668.89
54,"Organic Onions - Lot 224",Vegetables,2054.45,3,2277.44
55,"Cotton - Lot 507","Cash Crops",2799.69,3,3104.35
56,"Green Chillies - Lot 339",Vegetables,1103.30,4,1599.97
57,"Turmeric Root - Lot 427",Spices,1981.21,5,2453.94
58,"Chana Dal - Lot 558",Pulses,1280.23,2,1734.32
59,"Green Chillies - Lot 701",Vegetables,2683.77,2,3158.75
60,"Sesame Seeds - Lot 51","Oil Seeds",2062.95,3,2459.19
61,"Turmeric Root - Lot 310",Spices,2647.62,2,2920.29
62,"Chana Dal - Lot 810",Pulses,1582.22,4,1902.67
63,"Organic Onions - Lot 458",Vegetables,2034.81,3,2415.00
64,"Cotton - Lot 253","Cash Crops",1973.25,2,2365.74
65,"Green Chillies - Lot 62",Vegetables,2032.18,7,2487.69
66,"Tamarind - Lot 736",Spices,2761.75,5,3196.62
67,"Chana Dal - Lot 797",Pulses,1351.91,2,1803.36
68,"Organic Onions - Lot 66",Vegetables,1995.55,3,2421.03
69,"Tamarind - Lot 208",Spices,1396.13,2,1700.21
70,"Sesame Seeds - Lot 5","Oil Seeds",1357.19,3,1783.21
71,"Dry Coconut - Lot 465","Cash Crops",1945.00,2,2295.79
72,"Paddy Rice - Lot 87",Grains,2158.74,1,2635.95
73,"Cotton - Lot 951","Cash Crops",2778.24,3,3160.81
74,"Tamarind - Lot 186",Spices,1111.63,3,1594.49
75,"Tamarind - Lot 187",Spices,1109.11,4,1604.52
76,"Paddy Rice - Lot 532",Grains,2550.59,6,3039.22
77,"Paddy Rice - Lot 188",Grains,1067.13,2,1504.82
78,"Fresh Tomatoes - Lot 351",Vegetables,2680.16,7,3153.89
79,"Paddy Rice - Lot 43",Grains,1555.02,3,1962.91
80,"Paddy Rice - Lot 600",Grains,1082.25,4,1540.65
81,"Green Chillies - Lot 402",Vegetables,1102.40,7,1457.32
82,"Turmeric Root - Lot 987",Spices,2926.43,3,3342.53
83,"Tamarind - Lot 881",Spices,1813.26,5,2302.90
84,"Green Chillies - Lot 390",Vegetables,2882.86,6,3354.70
85,"Tamarind - Lot 674",Spices,1719.70,4,2126.10
86,"Fresh Tomatoes - Lot 973",Vegetables,2618.17,4,2974.92
87,"Cotton - Lot 270","Cash Crops",1519.89,4,1989.84
88,"Chana Dal - Lot 228",Pulses,1094.25,1,1524.64
89,"Cotton - Lot 172","Cash Crops",2525.03,2,2816.83
90,"Sesame Seeds - Lot 55","Oil Seeds",1340.61,3,1726.37
91,"Sesame Seeds - Lot 418","Oil Seeds",2941.67,3,3336.18
92,"Organic Onions - Lot 991",Vegetables,2653.08,3,3124.45
93,"Turmeric Root - Lot 597",Spices,2697.81,1,2706.06
94,"Fresh Tomatoes - Lot 30",Vegetables,1020.43,2,1489.17
95,"Fresh Tomatoes - Lot 290",Vegetables,1614.16,2,2102.72
